69|84487|F|197689.49|1994-06-04|4-NOT SPECIFIED|Clerk#000000330|0| depths atop the slyly thin deposits detect among the furiously silent accou
70|64340|F|113534.42|1993-12-18|5-LOW|Clerk#000000322|0| carefully ironic request
71|3373|O|276992.74|1998-01-24|4-NOT SPECIFIED|Clerk#000000271|0| express deposits along the blithely regul
96|107779|F|68989.90|1994-04-17|2-HIGH|Clerk#000000395|0|oost furiously. pinto
97|21061|F|110512.84|1993-01-29|3-MEDIUM|Clerk#000000547|0|hang blithely along the regular accounts. furiously even ideas after the
98|104480|F|69168.33|1994-09-25|1-URGENT|Clerk#000000448|0|c asymptotes. quickly regular packages should have to nag re
99|88910|F|112126.95|1994-03-13|4-NOT SPECIFIED|Clerk#000000973|0|e carefully ironic packages. pending
100|147004|O|187782.63|1998-02-28|4-NOT SPECIFIED|Clerk#000000577|0|heodolites detect slyly alongside of the ent
101|27998|O|124906.11|1996-03-17|3-MEDIUM|Clerk#000000419|0|ding accounts above the slyly final asymptote
102|716|O|164529.10|1997-05-09|2-HIGH|Clerk#000000596|0| slyly according to the asymptotes. carefully final packages integrate furious
103|29101|O|126990.79|1996-06-20|4-NOT SPECIFIED|Clerk#000000090|0|ges. carefully unusual instructions haggle quickly regular f
128|73957|F|66195.16|1992-06-15|1-URGENT|Clerk#000000385|0|ns integrate fluffily. ironic asymptotes after the regular excuses nag around 
129|71134|F|261013.14|1992-11-19|5-LOW|Clerk#000000859|0|ing tithes. carefully pending deposits boost about the silently express 
130|36964|F|189484.12|1992-05-08|2-HIGH|Clerk#000000036|0|le slyly unusual, regular packages? express deposits det
131|92749|F|130464.09|1994-06-08|3-MEDIUM|Clerk#000000625|0|after the fluffily special foxes integrate s
132|26395|F|144947.21|1993-06-11|3-MEDIUM|Clerk#000000488|0|sits are daringly accounts. carefully regular foxes sleep slyly about the
133|44000|O|114663.57|1997-11-29|1-URGENT|Clerk#000000738|0|usly final asymptotes 
134|6199|F|200354.30|1992-05-01|4-NOT SPECIFIED|Clerk#000000711|0|lar theodolites boos
135|60481|O|213713.99|1995-10-21|4-NOT SPECIFIED|Clerk#000000804|0|l platelets use according t
160|82495|O|124132.06|1996-12-19|4-NOT SPECIFIED|Clerk#000000342|0|thely special sauternes wake slyly of t
